date,AccX,AccY,AccZ,GyrX,GyrY,GyrZ,Temperature,Fall_detection
"23/1/2023, 21:55:46",132,-284,20228,-488,-3,60,30.37,0
"23/1/2023, 21:55:47",240,-92,19784,-489,-92,61,30.41,0
"23/1/2023, 21:55:48",200,-140,19928,-481,-69,35,30.41,0
"23/1/2023, 21:55:49",108,-44,20004,-498,-67,55,30.41,0
"23/1/2023, 21:55:50",304,12,20044,-469,-39,77,30.55,0
"23/1/2023, 21:55:51",260,-36,20020,-497,-8,55,30.46,0
"23/1/2023, 21:55:52",48,-88,20120,-469,-75,63,30.46,0
"23/1/2023, 21:55:53",68,60,20144,-472,-38,58,30.46,0
"23/1/2023, 21:55:54",180,-120,20212,-446,-34,63,30.51,0
"23/1/2023, 21:55:55",-7812,-184,18028,-467,4550,220,30.46,2
"23/1/2023, 21:55:56",-10056,-128,16036,-489,6,49,30.51,2
"23/1/2023, 21:55:57",-9856,-160,16716,-468,-198,81,30.46,2
"23/1/2023, 21:55:58",-9876,-112,16496,-472,28,65,30.6,2
"23/1/2023, 21:55:59",-9868,-12,16112,-471,118,58,30.51,2
"23/1/2023, 21:56:00",-10344,-108,16000,-481,225,33,30.55,2
"23/1/2023, 21:56:01",-10924,-120,15740,-464,-180,78,30.55,2
"23/1/2023, 21:56:02",-10840,-176,15604,-488,-24,76,30.55,2
"23/1/2023, 21:56:03",-10772,-152,15740,-465,-201,71,30.51,2
"23/1/2023, 21:56:04",-2496,-356,18056,31,-9693,-2140,30.55,2
"23/1/2023, 21:56:05",-84,-108,19896,-427,-99,59,30.55,2
"23/1/2023, 21:56:06",128,-136,20108,-465,-76,65,30.51,0
"23/1/2023, 21:56:07",232,-132,20008,-472,-44,52,30.55,0
"23/1/2023, 21:56:08",-208,-124,20116,-470,-146,51,30.55,0
"23/1/2023, 21:56:09",460,-148,20028,-488,-25,64,30.6,0
"23/1/2023, 21:56:10",92,-68,20068,-479,-46,34,30.6,0
"23/1/2023, 21:56:11",96,-160,20144,-478,-79,41,30.55,0
"23/1/2023, 21:56:12",344,-40,20012,-458,11,41,30.55,0
"23/1/2023, 21:56:13",216,-12,19944,-471,-57,77,30.65,0
"23/1/2023, 21:56:14",240,-132,19980,-487,-18,35,30.51,0
"23/1/2023, 21:56:15",156,108,19892,-421,24,82,30.65,0
"23/1/2023, 21:56:16",532,-184,20140,-466,67,90,30.55,0
"23/1/2023, 21:56:17",-7816,-64,17520,-488,5443,176,30.65,2
"23/1/2023, 21:56:18",-10112,-44,16480,-472,233,42,30.65,2
"23/1/2023, 21:56:19",-10340,-100,16516,-525,778,147,30.69,2
"23/1/2023, 21:56:20",-10092,-56,15852,-472,-425,39,30.65,2
"23/1/2023, 21:56:21",-9904,-164,15900,-476,-169,39,30.69,2
"23/1/2023, 21:56:22",-10456,-128,15708,-495,-90,73,30.65,2
"23/1/2023, 21:56:23",-10448,-128,15416,-486,-1566,8,30.69,2
"23/1/2023, 21:56:24",7900,-284,15368,-74,-600,75,30.65,2
"23/1/2023, 21:56:25",-560,76,20316,-522,-317,22,30.74,0
"23/1/2023, 21:56:26",92,-48,19928,-465,-107,86,30.79,0
"23/1/2023, 21:56:27",-136,4,0,-492,0,89,30.69,0
"23/1/2023, 21:56:28",216,-156,39848,-526,-176,45,30.69,0
"23/1/2023, 21:56:29",156,-104,20060,-467,-62,71,30.74,0
"23/1/2023, 21:56:30",92,-108,20028,-492,-109,48,30.65,0
"23/1/2023, 21:56:31",416,-176,19892,-457,-25,38,30.79,0
"23/1/2023, 21:56:32",180,-136,20012,-456,-88,72,30.65,0
"23/1/2023, 21:56:33",208,-124,19968,-473,-13,58,30.6,0
"23/1/2023, 21:56:34",-56,-100,20128,-468,-102,61,30.74,0
"23/1/2023, 21:56:35",332,-36,19868,-493,-13,71,30.84,0
"23/1/2023, 21:56:36",116,-80,20104,-466,-73,62,30.69,0
"23/1/2023, 21:56:37",-2380,732,17452,-1134,2596,-57,30.74,2
"23/1/2023, 21:56:38",-10260,-28,16436,-314,-330,-203,30.74,2
"23/1/2023, 21:56:39",-9496,-172,16348,-483,-333,51,30.69,2
"23/1/2023, 21:56:40",-10380,-168,16264,-476,-235,70,30.74,2
"23/1/2023, 21:56:41",-9892,-104,15980,-479,351,68,30.69,2
"23/1/2023, 21:56:42",-10420,-220,16240,-471,54,65,30.69,2
"23/1/2023, 21:56:43",-10456,-80,15428,-488,329,62,30.69,2
"23/1/2023, 21:56:44",-10168,-56,15616,-473,46,39,30.74,2
"23/1/2023, 21:56:45",-10576,-160,15572,-510,-1027,43,30.79,2
"23/1/2023, 21:56:46",-476,-784,19852,-677,-393,29,30.88,2
"23/1/2023, 21:56:47",188,-52,19912,-499,-84,61,30.79,0
"23/1/2023, 21:56:48",128,-128,20072,-429,-65,51,30.74,0
"23/1/2023, 21:56:49",-4,-56,20060,-483,-26,46,30.79,0
"23/1/2023, 21:56:50",116,-48,20120,-475,-55,61,30.88,0
"23/1/2023, 21:56:51",112,-80,20168,-482,-94,70,30.84,0
"23/1/2023, 21:56:52",188,-196,20100,-487,-100,71,30.84,0
"23/1/2023, 21:56:53",-60,-52,20172,-525,-150,79,30.84,0
"23/1/2023, 21:56:54",636,-12,19752,-190,466,59,30.79,2
"23/1/2023, 21:56:55",-840,-52,19872,-529,2442,191,30.88,2
"23/1/2023, 21:56:56",-9384,-148,16688,-479,1321,75,30.88,2
"23/1/2023, 21:56:57",-9964,-108,16340,-510,-338,55,30.79,2
"23/1/2023, 21:56:58",-9956,-184,16028,-491,910,113,30.79,2
"23/1/2023, 21:56:59",-10084,-156,16096,-453,-265,73,30.79,2
"23/1/2023, 21:57:00",-10132,-144,15736,-462,-6,54,30.88,2
"23/1/2023, 21:57:01",-10620,-84,15844,-486,-126,81,30.84,2
"23/1/2023, 21:57:02",-10588,52,15908,-474,0,67,30.88,2
"23/1/2023, 21:57:03",-1592,-236,20216,-336,-6303,-1084,30.88,2
"23/1/2023, 21:57:04",720,0,19480,0,-175,49,30.84,0
"23/1/2023, 21:57:05",64,56,20200,-1091,-88,47,30.79,0
"23/1/2023, 21:57:06",172,16,20080,-487,34,66,30.88,0
"23/1/2023, 21:57:07",-52,-100,20152,-478,-44,46,30.98,0
"23/1/2023, 21:57:08",200,-120,20120,-477,-93,65,30.93,0
"23/1/2023, 21:57:09",20,-160,20224,-470,-68,48,30.88,0
"23/1/2023, 21:57:10",-1188,44,19356,-442,3825,181,30.98,2
"23/1/2023, 21:57:11",-10316,-276,15964,-469,1173,91,30.88,2
"23/1/2023, 21:57:12",-10108,-44,15896,-470,-490,46,30.93,2
"23/1/2023, 21:57:13",-10104,-136,16012,-480,212,54,30.88,2
"23/1/2023, 21:57:14",-10360,-128,15536,0,-22,63,30.93,2
"23/1/2023, 21:57:15",0,0,0,-466,0,0,0,2
"23/1/2023, 21:57:16",-21120,-332,31016,-492,172,111,61.76,2
"23/1/2023, 21:57:17",-10596,-124,15664,-943,123,57,30.88,2
"23/1/2023, 21:57:18",-10720,-84,15756,-507,-182,71,30.93,2
"23/1/2023, 21:57:19",-7996,-204,17920,-812,-9240,428,31.02,2
"23/1/2023, 21:57:20",-324,132,20160,-906,-1062,29,30.98,2
"23/1/2023, 21:57:21",128,-160,19976,-514,-60,70,30.93,0
"23/1/2023, 21:57:22",424,-60,20004,-463,7,61,30.93,0
"23/1/2023, 21:57:23",160,-12,19988,-505,-91,60,30.88,0
"23/1/2023, 21:57:24",-180,-60,20256,-465,-147,70,30.93,0
"23/1/2023, 21:57:25",276,-104,20008,-475,-57,43,30.93,0
"23/1/2023, 21:57:26",176,-12,20180,-482,-71,64,30.93,0
"23/1/2023, 21:57:27",140,-108,20068,-484,-44,38,31.02,0
"23/1/2023, 21:57:28",252,-100,19908,-492,-72,51,31.12,0
"23/1/2023, 21:57:29",268,-104,20096,-461,0,31,30.98,0
"23/1/2023, 21:57:30",224,16,20052,-485,-118,79,31.07,0
"23/1/2023, 21:57:31",0,156,0,-662,-162,50,31.02,0
"23/1/2023, 21:57:32",308,-140,40144,-487,-71,80,30.93,0
"23/1/2023, 21:57:33",-3480,-252,19620,-505,7084,378,0,2
"23/1/2023, 21:57:34",-9336,-180,16664,-478,-535,51,61.86,2
"23/1/2023, 21:57:35",-9896,-208,16244,-469,-140,49,30.93,2
"23/1/2023, 21:57:36",-9612,-156,16424,-494,-10,43,30.98,2
"23/1/2023, 21:57:37",-9860,-52,16408,-467,-211,68,30.84,2
"23/1/2023, 21:57:38",-9712,-160,16280,-490,129,63,30.98,2
"23/1/2023, 21:57:39",-9240,-244,16380,-479,-180,26,30.98,2
"23/1/2023, 21:57:40",-7572,-12,17264,74,-9341,-994,31.02,2
"23/1/2023, 21:57:41",1036,-348,19732,-435,236,33,30.93,0
"23/1/2023, 21:57:42",-16,-48,20280,-484,-114,45,31.07,0
"23/1/2023, 21:57:43",144,-184,20148,-475,-69,48,0,0
"23/1/2023, 21:57:44",364,-240,20012,-462,5,0,61.91,0
"23/1/2023, 21:57:45",0,-8,19876,-467,0,124,30.93,0
"23/1/2023, 21:57:46",60,12,20088,-488,-167,89,0,0
"23/1/2023, 21:57:47",0,0,0,0,0,0,31.02,0
"23/1/2023, 21:57:48",-11000,-376,37072,-947,1711,133,61.96,2
"23/1/2023, 21:57:49",-9768,-212,16088,-462,-2,64,31.02,2
"23/1/2023, 21:57:50",-10280,-84,16476,-472,-237,73,31.02,2
"23/1/2023, 21:57:51",-9996,-128,16068,-498,0,27,31.02,2
"23/1/2023, 21:57:52",-9684,-132,15832,-485,-417,40,31.02,2
"23/1/2023, 21:57:53",0,-132,15968,-490,-61,31,30.98,2
"23/1/2023, 21:57:54",-10080,0,0,0,0,0,0,2
"23/1/2023, 21:57:57",-13076,-300,35876,-920,-9315,-236,61.91,2
"23/1/2023, 21:57:58",-1044,-772,60592,-1282,33,230,93.16,2
"23/1/2023, 21:57:59",136,24,19928,-466,-22,53,0,0
"23/1/2023, 21:58:00",16,-192,19992,-492,-73,49,62.04,0
"23/1/2023, 21:58:01",0,-156,19924,-507,-79,72,31.07,0
"23/1/2023, 21:58:02",500,-12,19956,-477,-74,53,31.02,0
"23/1/2023, 21:58:04",348,-232,40064,-921,-112,126,62.19,0
"23/1/2023, 21:58:05",72,-40,20112,-484,-63,61,31.02,0
"23/1/2023, 21:58:06",328,-108,19896,-472,-48,71,31.07,0
"23/1/2023, 21:58:07",304,-248,19960,-478,-106,18,31.02,0
"23/1/2023, 21:58:08",136,-28,19984,0,-58,302,31.02,0
"23/1/2023, 21:58:09",-6256,0,20944,-2564,4575,231,31.21,2
"23/1/2023, 21:58:10",-8804,-1232,16304,-360,1831,-85,0,2
"23/1/2023, 21:58:11",-9520,-216,16740,-473,-46,64,62.14,2
"23/1/2023, 21:58:12",-9972,-172,16644,-469,-188,0,31.07,2
"23/1/2023, 21:58:13",-9816,-164,16308,-520,179,137,31.07,2
"23/1/2023, 21:58:14",0,-116,16412,-453,-216,0,31.07,2
"23/1/2023, 21:58:15",-19984,-104,16468,-496,-132,157,31.12,2
"23/1/2023, 21:58:16",-9924,-180,16348,-521,-160,46,0,2
"23/1/2023, 21:58:17",-508,452,0,-331,-150,343,31.02,2
"23/1/2023, 21:58:18",276,72,39460,-444,-77,4,62.29,0
"23/1/2023, 21:58:20",-32,-160,40256,-925,-55,112,62.14,0
"23/1/2023, 21:58:21",108,0,20124,-455,35,73,31.02,0
"23/1/2023, 21:58:22",644,-196,19984,-475,-54,63,31.17,0
"23/1/2023, 21:58:23",108,-136,20060,-487,-94,45,31.17,0
"23/1/2023, 21:58:24",-816,-296,20612,-289,-155,48,31.12,0
"23/1/2023, 21:58:25",0,-120,21648,-699,7801,325,31.12,0
"23/1/2023, 21:58:26",172,0,0,0,0,0,0,0
"23/1/2023, 21:58:27",-18664,-392,32360,-446,763,58,62.19,2
"23/1/2023, 21:58:28",-9744,-52,16256,-1028,273,80,0,2
"23/1/2023, 21:58:29",0,-108,16324,-447,54,26,62.19,2
"23/1/2023, 21:58:30",-9536,-136,0,-468,-265,0,31.21,2
"23/1/2023, 21:58:31",-9752,0,16340,0,0,83,0,2
"23/1/2023, 21:58:32",-19640,-212,32640,-482,-55,61,62.38,2
"23/1/2023, 21:58:33",-9412,-196,16348,-995,-368,90,0,2
"23/1/2023, 21:58:34",-8656,1024,27076,-1316,-1777,1,31.07,2
"23/1/2023, 21:58:35",0,0,0,0,0,0,31.17,0
"23/1/2023, 21:58:36",128,-252,20024,-394,108,43,31.17,0
"23/1/2023, 21:58:37",376,-184,39864,-944,-90,103,62.42,0
"23/1/2023, 21:58:38",284,-32,20068,0,-43,74,31.12,0
"23/1/2023, 21:58:39",100,-168,20084,-948,-65,63,31.17,0
"23/1/2023, 21:58:41",288,20,20080,-468,-69,62,31.21,0
"23/1/2023, 21:58:42",360,-36,40252,-977,-233,161,62.29,0
"23/1/2023, 21:58:43",0,16,20108,-481,-140,93,0,0
"23/1/2023, 21:58:44",-984,-140,19908,-469,-46,108,62.29,2
"23/1/2023, 21:58:46",-15068,-208,35952,-1097,9020,559,62.38,2
"23/1/2023, 21:58:47",-9072,-448,16300,-469,220,28,31.12,2
"23/1/2023, 21:58:48",-9676,-80,16552,-447,148,71,31.12,2
"23/1/2023, 21:58:49",-9364,0,16152,-463,93,38,31.21,2
"23/1/2023, 21:58:50",0,-92,0,0,0,78,0,2
"23/1/2023, 21:58:51",-9608,-160,16392,-459,112,0,31.17,2
"23/1/2023, 21:58:52",-20384,-108,33576,-972,8,137,62.34,2
"23/1/2023, 21:58:53",0,0,0,-224,-2195,-126,31.17,0
"23/1/2023, 21:58:54",960,-1384,19208,0,0,0,0,0
"23/1/2023, 21:58:55",136,-148,19936,-632,-266,53,31.26,0
"23/1/2023, 21:58:56",4,-240,40040,-969,-113,61,62.34,0
"23/1/2023, 21:58:57",0,0,0,0,0,70,0,0
"23/1/2023, 21:58:58",-72,-224,40292,-914,-311,138,31.21,0
"23/1/2023, 21:58:59",0,0,0,0,0,0,31.17,0
"23/1/2023, 21:59:00",108,-84,40076,-1010,-194,31,62.38,0
"23/1/2023, 21:59:01",0,288,0,0,0,71,0,0
"23/1/2023, 21:59:02",288,0,19864,-490,-103,73,31.21,0
"23/1/2023, 21:59:03",56,-52,19992,-488,0,70,31.17,0
"23/1/2023, 21:59:04",-612,-60,41676,-899,-281,26,31.17,2
"23/1/2023, 21:59:05",-1636,-240,0,0,5783,0,31.17,2
"23/1/2023, 21:59:06",-9284,-300,16452,-508,-146,71,31.26,2
"23/1/2023, 21:59:07",-9700,-164,16420,-480,86,20,31.21,2
"23/1/2023, 21:59:08",-9712,-132,16252,-494,-41,72,31.26,2
"23/1/2023, 21:59:09",-9696,-108,16472,-488,-72,65,31.21,2
"23/1/2023, 21:59:10",-9960,-228,16268,-467,-54,42,31.21,2
"23/1/2023, 21:59:11",-9716,-208,16232,-495,-132,73,31.21,2
"23/1/2023, 21:59:12",-9552,-44,15920,-464,87,67,31.12,2
"23/1/2023, 21:59:13",-6144,-568,17984,-638,-9760,155,31.31,2
"23/1/2023, 21:59:14",-368,320,20828,-370,308,65,31.26,2
"23/1/2023, 21:59:15",124,-16,19968,-481,-106,55,31.21,0
"23/1/2023, 21:59:16",-108,-116,20072,-466,-96,48,31.21,0
"23/1/2023, 21:59:17",60,-148,20084,-475,-52,80,31.31,0
"23/1/2023, 21:59:18",232,-56,20140,-505,-50,30,31.31,0
"23/1/2023, 21:59:19",-20,212,20144,-514,-101,33,31.17,0
"23/1/2023, 21:59:20",276,-100,20072,-477,-57,76,31.21,0
"23/1/2023, 21:59:21",-1512,220,19532,-434,-294,90,31.31,0
"23/1/2023, 21:59:22",-76,-40,20192,-485,-63,55,31.21,0
"23/1/2023, 21:59:23",-176,-108,20016,-474,-52,50,31.26,0
"23/1/2023, 21:59:24",-184,0,19984,-492,225,69,31.26,0
"23/1/2023, 21:59:25",-336,-88,20192,-481,-229,44,31.21,0
"23/1/2023, 21:59:26",-3668,32,19212,-823,10459,1427,31.21,2
"23/1/2023, 21:59:27",-8872,-72,17020,-459,378,40,31.21,2
"23/1/2023, 21:59:28",-9252,-136,16740,-479,-28,37,31.31,2
"23/1/2023, 21:59:29",-9060,-168,16724,-467,118,44,31.21,2
"23/1/2023, 21:59:30",-9156,-88,16840,-488,53,65,31.31,2
"23/1/2023, 21:59:31",-9552,-120,16484,-630,304,208,31.31,2
"23/1/2023, 21:59:32",-9560,-96,16520,-459,69,32,31.21,2
"23/1/2023, 21:59:33",-9496,76,16624,-559,-77,153,31.26,2
"23/1/2023, 21:59:34",-3808,-128,25060,1425,-7142,-835,31.26,2
"23/1/2023, 21:59:35",388,-544,20204,-481,-197,60,31.31,0
"23/1/2023, 21:59:36",304,-108,19916,-462,-119,65,31.21,0
"23/1/2023, 21:59:37",136,-8,20072,-478,-118,85,31.35,0
"23/1/2023, 21:59:38",252,-356,20012,-531,-217,41,31.21,0
"23/1/2023, 21:59:39",228,-160,20160,-476,-77,50,31.21,0
"23/1/2023, 21:59:40",200,-28,19988,-485,-51,47,31.21,0
"23/1/2023, 21:59:41",228,-20,19916,-474,-92,49,31.17,0
"23/1/2023, 21:59:42",320,-172,20036,-493,-53,50,31.17,0
"23/1/2023, 21:59:43",204,-44,19900,-470,-38,66,31.26,0
"23/1/2023, 21:59:44",208,-144,20040,-472,-86,76,31.4,0
"23/1/2023, 21:59:45",208,-32,19952,-479,-62,77,31.26,0
"23/1/2023, 21:59:46",1064,-552,20824,-449,5,-117,31.26,0
"23/1/2023, 21:59:47",708,-196,19804,-476,181,-349,31.31,0
"23/1/2023, 21:59:48",-2496,0,21184,-1145,2030,232,31.26,2
"23/1/2023, 21:59:49",-8792,-52,17108,-476,1492,106,31.26,2
"23/1/2023, 21:59:50",-9084,-64,16720,-534,-113,81,31.21,2
"23/1/2023, 21:59:51",-9776,-84,16592,-561,165,143,31.35,2
"23/1/2023, 21:59:52",-10060,-104,16112,-515,153,139,31.26,2
"23/1/2023, 21:59:53",-10024,-76,16152,-491,69,57,31.26,2
"23/1/2023, 21:59:54",-9896,-168,16012,-488,4,37,31.35,2
"23/1/2023, 21:59:55",-9364,216,14860,-1000,-8606,557,31.31,2
"23/1/2023, 21:59:56",-964,24,20552,-689,0,53,31.31,2
"23/1/2023, 21:59:57",456,52,19712,-516,-660,49,31.35,0
"23/1/2023, 21:59:58",16,-108,19896,-479,-90,61,31.31,0
"23/1/2023, 21:59:59",128,-156,20008,-475,-63,73,31.35,0
"23/1/2023, 22:00:00",216,36,19928,-478,-76,44,31.35,0
"23/1/2023, 22:00:01",248,-104,19988,-481,-59,49,31.31,0
"23/1/2023, 22:00:02",140,-216,19944,-459,-57,41,31.31,0
"23/1/2023, 22:00:03",160,-44,19972,-494,-110,74,31.4,0
"23/1/2023, 22:00:04",0,-196,20144,-489,-57,58,31.26,0
"23/1/2023, 22:00:05",92,-44,20200,-454,-137,87,31.4,0
"24/1/2023, 15:06:54",0,0,0,0,0,0,36.53,0
"24/1/2023, 15:06:55",156,-80,19904,-454,-20,46,28.29,0
"24/1/2023, 15:06:56",376,48,19932,-456,-83,73,28.29,0
"24/1/2023, 15:06:57",68,64,20248,-467,-70,57,28.34,0
"24/1/2023, 15:06:58",304,92,20108,-486,-25,69,28.48,0
"24/1/2023, 15:06:59",96,-12,20184,-474,-70,74,28.53,0
"24/1/2023, 15:07:00",84,0,20144,-469,-38,62,28.44,0
"24/1/2023, 15:07:01",148,-28,20184,-474,-97,61,28.48,0
"24/1/2023, 15:07:02",-88,56,20260,-475,-233,55,28.58,0
"24/1/2023, 15:07:03",-388,-172,20900,-422,-128,47,28.58,0
"24/1/2023, 15:07:04",1960,-608,21148,-157,550,54,28.58,0
"24/1/2023, 15:07:05",460,6416,18340,5580,-55,101,28.67,3
"24/1/2023, 15:07:06",296,9256,17164,70,67,237,28.58,3
"24/1/2023, 15:07:07",132,9332,17116,-252,-50,92,28.77,3
"24/1/2023, 15:07:08",212,9384,17124,-622,-76,43,28.62,3
"24/1/2023, 15:07:09",152,9428,16856,-549,-52,66,28.67,3
"24/1/2023, 15:07:10",220,9432,17060,-623,-82,47,28.62,3
"24/1/2023, 15:07:11",168,9436,17056,-65,-71,57,28.72,3
"24/1/2023, 15:07:12",228,1128,20492,-6091,-14,-230,28.81,3
"24/1/2023, 15:07:13",-24,-76,19772,-344,213,86,28.77,0
"24/1/2023, 15:07:14",268,64,19928,-477,-50,49,28.81,0
"24/1/2023, 15:07:15",8,-116,20100,-464,7,67,28.77,0
"24/1/2023, 15:07:16",156,-20,20044,-469,-51,83,28.86,0
"24/1/2023, 15:07:17",128,-56,20100,-481,-29,29,28.77,0
"24/1/2023, 15:07:18",312,120,19932,-473,79,62,28.81,0
"24/1/2023, 15:07:19",384,164,20008,-468,-33,66,28.77,0
"24/1/2023, 15:07:20",-1184,2276,21192,5806,-460,117,28.77,3
"24/1/2023, 15:07:21",176,9820,16852,-706,-84,54,28.91,3
"24/1/2023, 15:07:22",472,9500,16908,-601,75,163,28.86,3
"24/1/2023, 15:07:23",340,9356,17112,-686,-12,79,28.91,3
"24/1/2023, 15:07:24",288,9560,16920,-536,-118,46,28.77,3
"24/1/2023, 15:07:25",252,0,0,0,0,72,0,3
"24/1/2023, 15:07:26",232,18636,33992,-712,-97,85,57.82,3
"24/1/2023, 15:07:27",220,9384,17148,-440,-44,47,28.95,3
"24/1/2023, 15:07:28",-404,1572,20308,-10190,-503,-1250,28.86,3
"24/1/2023, 15:07:29",504,156,20252,-503,-117,33,28.91,0
"24/1/2023, 15:07:30",88,-96,20160,-474,5,60,28.95,0
"24/1/2023, 15:07:31",120,-420,20680,-439,53,40,29.05,0
"24/1/2023, 15:07:32",260,32,20092,-520,-131,89,29,0
"24/1/2023, 15:07:33",60,-36,20276,-464,-93,58,29,0
"24/1/2023, 15:07:34",684,-572,20504,-476,-81,60,29.09,0
"24/1/2023, 15:07:35",692,1348,20804,665,966,-859,28.95,3
"24/1/2023, 15:07:36",84,9464,16736,1558,5,100,29.05,3
"24/1/2023, 15:07:37",316,9376,17104,-194,66,370,29,3
"24/1/2023, 15:07:38",292,9336,17144,-642,-152,17,29.14,3
"24/1/2023, 15:07:39",224,9316,17068,-134,-91,204,29.09,3
"24/1/2023, 15:07:40",204,9308,16948,-605,-71,44,29.09,3
"24/1/2023, 15:07:41",224,9448,16780,-551,-51,46,29.05,3
"24/1/2023, 15:07:42",244,9180,16964,-439,-22,60,29.09,3
"24/1/2023, 15:07:43",180,7908,16904,-7563,-529,-597,29.14,3
"24/1/2023, 15:07:44",1224,-104,19252,-362,1212,50,29.09,0
"24/1/2023, 15:07:45",-104,120,20064,-538,-80,61,29.14,0
"24/1/2023, 15:07:46",340,-148,20024,-489,-47,76,29.14,0
"24/1/2023, 15:07:47",104,12,20192,-462,-89,66,29.09,0
"24/1/2023, 15:07:48",-728,480,19636,-476,-189,88,29.14,0
"24/1/2023, 15:07:49",0,92,20004,-456,-99,48,29.14,0
"24/1/2023, 15:07:50",28,3696,19736,6732,47,738,29.28,3
"24/1/2023, 15:07:51",300,9132,17032,-168,-137,3,29.28,3
"24/1/2023, 15:07:52",148,9112,17168,-384,-64,53,29.19,3
"24/1/2023, 15:07:53",296,9056,17192,-539,-107,63,29.19,3
"24/1/2023, 15:07:54",104,9012,17280,-581,-36,72,29.09,3
"24/1/2023, 15:07:55",232,9008,17512,-422,-73,59,29.14,3
"24/1/2023, 15:07:56",188,9100,17064,-470,-34,90,29.33,3
"24/1/2023, 15:07:57",324,9148,0,0,-80,14,29.14,3
"24/1/2023, 15:07:58",128,9216,34408,-941,-87,54,29.19,3
"24/1/2023, 15:07:59",-164,732,19444,-6591,-46,-497,29.28,3
"24/1/2023, 15:08:00",-112,-116,20116,-702,-460,23,29.19,0
"24/1/2023, 15:08:01",252,-56,19988,-473,-70,84,29.33,0
"24/1/2023, 15:08:02",256,36,20192,-478,-77,72,29.24,0
"24/1/2023, 15:08:03",132,96,19980,-458,-94,68,29.28,0
"24/1/2023, 15:08:04",236,-20,20048,-471,-23,72,29.33,0
"24/1/2023, 15:08:05",84,104,19988,-462,-32,30,29.33,0
"24/1/2023, 15:08:06",-404,8,20556,-455,-359,98,29.24,0
"24/1/2023, 15:08:07",-84,-552,20724,1394,47,141,29.24,0
"24/1/2023, 15:08:08",260,8072,17632,1926,-54,66,29.38,3
"24/1/2023, 15:08:09",148,8784,17380,-57,-57,50,29.33,3
"24/1/2023, 15:08:10",140,9024,17056,-404,-43,33,29.33,3
"24/1/2023, 15:08:11",216,8928,17348,-448,-78,58,29.33,3
"24/1/2023, 15:08:12",260,8940,17252,-451,-65,60,29.42,3
"24/1/2023, 15:08:14",388,17980,34716,-835,-128,140,58.66,3
"24/1/2023, 15:08:15",360,3012,19616,-7178,67,84,29.38,3
"24/1/2023, 15:08:16",304,-56,20192,-448,-77,60,29.38,0
"24/1/2023, 15:08:17",216,-116,20116,-461,-102,87,29.38,0
"24/1/2023, 15:08:18",88,44,20096,-483,-112,59,29.33,0
"24/1/2023, 15:08:19",316,-188,19896,-451,-88,65,29.42,0
"24/1/2023, 15:08:20",172,84,20160,-462,-87,49,29.33,0
"24/1/2023, 15:08:21",244,212,20024,-436,-2,53,29.42,0
"24/1/2023, 15:08:22",288,6396,18252,5815,152,438,29.38,3
"24/1/2023, 15:08:23",228,8012,18200,-602,-183,-60,29.47,3
"24/1/2023, 15:08:24",136,7840,17976,-399,-74,72,29.38,3
"24/1/2023, 15:08:25",-60,7924,18180,-519,-129,46,29.42,3
"24/1/2023, 15:08:26",260,8048,17768,-377,-98,7,29.38,3
"24/1/2023, 15:08:27",692,8372,17316,265,11,118,29.47,3
"24/1/2023, 15:08:28",136,8428,17680,-465,-86,59,29.42,3
"24/1/2023, 15:08:29",0,8504,17768,-480,-65,67,29.47,3
"24/1/2023, 15:08:30",256,7264,17412,-7139,-20,249,29.42,3
"24/1/2023, 15:08:31",-244,-228,20116,-363,-102,94,29.47,0
"24/1/2023, 15:08:32",268,-104,20120,-497,-46,62,29.47,0
"24/1/2023, 15:08:33",96,-64,20176,-476,-69,59,29.42,0
"24/1/2023, 15:08:34",360,-72,20056,-460,-138,55,29.52,0
"24/1/2023, 15:08:35",388,20,19952,-470,21,62,29.42,0
"24/1/2023, 15:08:36",180,-32,20112,-465,-94,45,29.47,0
"24/1/2023, 15:08:37",12,24,20584,-417,31,113,29.42,0
"24/1/2023, 15:08:38",40,4,19992,-484,-95,51,29.57,0
"24/1/2023, 15:08:39",-4240,680,22972,1258,-1848,-38,29.57,0
"24/1/2023, 15:08:40",268,7764,17716,-77,-32,152,29.47,3
"24/1/2023, 15:08:41",224,9024,17220,-80,-169,-52,29.57,3
"24/1/2023, 15:08:42",0,9184,17652,-642,20,193,29.52,3
"24/1/2023, 15:08:43",648,9008,17244,-465,-106,44,29.61,3
"24/1/2023, 15:08:44",324,9032,17312,-745,-86,57,29.57,3
"24/1/2023, 15:08:46",696,18104,34452,-977,-123,120,59.14,3
"24/1/2023, 15:08:47",304,8888,17216,-463,-55,49,29.57,3
"24/1/2023, 15:08:48",1348,4092,19848,-9975,0,-272,29.61,3
"24/1/2023, 15:08:49",116,-88,19932,-526,57,42,29.57,0
"24/1/2023, 15:08:50",156,-108,20176,-455,-106,82,29.61,0
"24/1/2023, 15:08:51",252,-88,20156,-480,-96,57,29.61,0
"24/1/2023, 15:08:52",356,-4,19988,-474,-20,64,29.57,0
"24/1/2023, 15:08:53",24,80,20368,-488,-161,68,29.61,0
"24/1/2023, 15:08:54",484,8,19932,-466,-7,67,29.61,0
"24/1/2023, 15:08:55",240,140,20024,-468,-54,60,29.52,0
"24/1/2023, 15:08:56",144,100,19888,-462,-140,42,29.66,0
"24/1/2023, 15:08:57",272,-672,20728,3131,32,604,29.57,0
"24/1/2023, 15:08:58",100,9444,16648,353,-62,69,29.66,3
"24/1/2023, 15:08:59",268,9476,16812,-368,-66,39,29.61,3
"24/1/2023, 15:09:00",300,9288,0,-450,-111,72,29.66,3
"24/1/2023, 15:09:01",0,0,17132,0,0,0,0,3
"24/1/2023, 15:09:02",596,18940,34240,-781,-122,122,59.18,3
"24/1/2023, 15:09:03",304,9652,16928,-356,-44,77,0,3
"24/1/2023, 15:09:04",236,9680,16796,-562,-42,65,59.22,3
"24/1/2023, 15:09:05",284,9680,16684,-433,-100,75,29.66,3
"24/1/2023, 15:09:06",0,3296,19808,0,-80,7,29.66,3
"24/1/2023, 15:09:07",776,-324,20548,-7538,-242,63,29.71,0
"24/1/2023, 15:09:08",292,-84,19904,-475,-70,81,29.8,0
"24/1/2023, 15:09:09",0,60,20132,-441,-23,54,29.57,0
"24/1/2023, 15:09:10",8,176,20432,-587,-542,0,29.71,0
"24/1/2023, 15:09:11",-124,44,19944,-478,-99,147,29.71,0
"24/1/2023, 15:09:12",8,-20,20096,-470,-118,47,29.66,0
"24/1/2023, 15:09:13",336,4,20060,-471,-21,0,29.71,0
"24/1/2023, 15:09:14",228,-32,19980,-469,-78,118,29.75,0
"24/1/2023, 15:09:15",220,0,20068,-479,-55,68,29.71,0
"24/1/2023, 15:09:16",156,-44,20196,-484,-72,38,29.85,0
"24/1/2023, 15:09:18",328,-184,40316,-869,-40,129,59.46,0
"24/1/2023, 15:09:19",-496,-2556,22252,201,-123,178,29.71,0
"24/1/2023, 15:09:20",276,8496,17524,2542,145,0,29.75,3
"24/1/2023, 15:09:21",92,9628,16684,-404,-75,520,29.8,3
"24/1/2023, 15:09:22",200,9736,16760,-543,-59,71,29.8,3
"24/1/2023, 15:09:23",216,0,16720,-428,-64,92,29.75,3
"24/1/2023, 15:09:24",0,9724,0,-433,0,0,0,3
"24/1/2023, 15:09:25",516,19604,33292,-714,-123,103,29.75,3
"24/1/2023, 15:09:26",260,9888,16720,-416,-58,83,29.71,3
"24/1/2023, 15:09:27",4,9444,16416,-4802,-148,2,59.46,3
"24/1/2023, 15:09:28",0,-140,20192,-395,-140,40,0,0
"24/1/2023, 15:09:29",104,92,20132,-467,0,73,59.69,0
"24/1/2023, 15:09:30",316,56,19900,-457,-170,71,29.85,0
"24/1/2023, 15:09:31",248,64,20280,-462,-116,52,29.89,0
"24/1/2023, 15:09:32",0,0,20036,-488,-34,31,29.89,0
"24/1/2023, 15:09:33",204,-96,0,0,0,0,0,0
"24/1/2023, 15:09:34",-84,1808,41888,3749,-748,725,59.6,0
"24/1/2023, 15:09:35",0,0,0,0,-40,0,0,0
"24/1/2023, 15:09:36",16,9148,17296,-616,-346,-341,29.89,3
"24/1/2023, 15:09:37",-8,9356,17272,32,-45,65,29.89,3
"24/1/2023, 15:09:38",240,9288,17196,-255,-63,136,29.8,3
"24/1/2023, 15:09:39",632,9304,34300,-1008,-116,62,59.6,3
"24/1/2023, 15:09:40",0,9224,0,0,0,36,0,3
"24/1/2023, 15:09:41",92,9288,17296,-584,-85,28,29.85,3
"24/1/2023, 15:09:42",416,9352,16992,-1052,-94,-56,29.85,3
"24/1/2023, 15:09:43",1712,-448,19204,-162,1054,101,29.89,0
"24/1/2023, 15:09:44",500,-20,19844,-473,-62,48,29.85,0
"24/1/2023, 15:09:45",-124,-124,20136,-479,-178,46,29.8,0
"24/1/2023, 15:09:46",284,-12,19968,-431,139,29,29.89,0
"24/1/2023, 15:09:47",192,64,20104,-464,-61,55,29.85,0
"24/1/2023, 15:09:48",268,-84,19892,-498,24,66,29.94,0
"24/1/2023, 15:09:49",232,40,20152,-471,-103,82,29.8,0
"24/1/2023, 15:09:50",384,-4,19864,-485,59,48,29.99,0
"24/1/2023, 15:09:51",116,8,20136,-468,-96,64,29.89,0
"24/1/2023, 15:09:52",164,44,19964,-467,-68,63,29.94,0
"24/1/2023, 15:09:53",92,40,20112,-489,-65,58,29.85,0
"24/1/2023, 15:09:54",168,-76,20012,-478,-56,60,29.99,0
"24/1/2023, 15:09:55",232,-36,20020,-473,-126,43,29.89,0
"24/1/2023, 15:12:06",116,-236,20408,-501,-91,71,30.51,0
"24/1/2023, 15:12:07",356,-448,20132,-492,-33,69,30.46,0
"24/1/2023, 15:12:08",312,-340,19992,-462,-81,64,30.46,0
"24/1/2023, 15:12:09",344,-284,20044,-480,-89,60,30.55,0
"24/1/2023, 15:12:10",280,-388,20012,-466,19,69,30.46,0
"24/1/2023, 15:12:11",-80,-6392,18552,-5058,-315,510,30.65,4
"24/1/2023, 15:12:12",300,-9108,17188,-1235,-140,167,30.41,4
"24/1/2023, 15:12:13",248,-9180,17112,-323,-52,42,30.55,4
"24/1/2023, 15:12:15",772,-18148,34672,-1003,-172,194,61.11,4
"24/1/2023, 15:12:16",328,-8940,17336,-423,-65,62,30.55,4
"24/1/2023, 15:12:17",372,-8964,17352,-255,-72,40,30.6,4
"24/1/2023, 15:12:18",-456,-1608,19680,4297,411,-46,30.51,4
"24/1/2023, 15:12:19",76,-292,19928,-502,-76,44,30.65,0
"24/1/2023, 15:12:20",188,-272,20052,-449,-90,67,30.55,0
"24/1/2023, 15:12:21",200,-284,20008,-500,-63,66,30.6,0
"24/1/2023, 15:12:22",484,-348,19876,-476,24,78,30.55,0
"24/1/2023, 15:12:23",408,-372,19968,-481,-55,44,30.55,0
"24/1/2023, 15:12:24",236,-288,20224,-498,-99,47,30.46,0
"24/1/2023, 15:12:25",492,-288,19796,-433,219,49,30.6,0
"24/1/2023, 15:12:26",60,-4116,19480,-6460,-129,457,30.6,4
"24/1/2023, 15:12:27",284,-9276,17232,259,-142,183,30.69,4
"24/1/2023, 15:12:29",568,-19976,33476,-366,-120,64,61.29,4
"24/1/2023, 15:12:31",448,-19652,33360,-1089,-158,177,61.2,4
"24/1/2023, 15:12:32",148,-9908,15800,5147,513,-693,30.6,4
"24/1/2023, 15:12:33",3336,-1284,15460,-362,236,-31,30.55,4
"24/1/2023, 15:12:34",296,-332,20072,-482,-102,37,30.55,0
"24/1/2023, 15:12:35",352,-156,20184,-471,-54,67,30.55,0
"24/1/2023, 15:12:36",120,-316,20060,-470,-79,48,30.55,0
"24/1/2023, 15:12:37",112,-328,20040,-503,-127,62,30.55,0
"24/1/2023, 15:12:38",300,-264,19876,-479,-17,62,0,0
"24/1/2023, 15:12:39",320,-416,20108,-504,-70,45,61.15,0
"24/1/2023, 15:12:40",356,56,21224,-7164,-130,1299,30.74,0
"24/1/2023, 15:12:41",256,-10156,16156,-3141,-55,19,0,4
"24/1/2023, 15:12:42",328,-10524,16300,-696,-68,81,61.34,4
"24/1/2023, 15:12:43",336,-10600,16044,-632,-73,60,30.6,4
"24/1/2023, 15:12:44",368,-10588,16172,-281,-63,38,30.55,4
"24/1/2023, 15:12:45",292,-10676,15880,-501,0,70,30.65,4
"24/1/2023, 15:12:46",0,0,0,0,-78,0,0,4
"24/1/2023, 15:12:47",556,-21244,32180,-1062,-126,125,61.29,4
"24/1/2023, 15:12:48",4,-7112,18536,9755,181,-413,30.6,4
"24/1/2023, 15:12:49",792,-288,19724,-413,169,63,30.51,0
"24/1/2023, 15:12:50",376,-424,20032,-487,-80,50,30.6,0
"24/1/2023, 15:12:51",256,0,20004,-485,-68,66,30.65,0
"24/1/2023, 15:12:52",268,-768,20064,-464,-38,31,0,0
"24/1/2023, 15:12:53",180,0,19920,-467,-32,44,61.29,0
"24/1/2023, 15:12:54",-220,-628,20132,-863,-939,40,30.69,0
"24/1/2023, 15:12:55",100,-7904,0,-9136,-697,1133,30.69,4
"24/1/2023, 15:12:56",132,-10024,34276,-735,-88,91,30.69,4
"24/1/2023, 15:12:57",372,-10444,15992,-531,-78,62,30.65,4
"24/1/2023, 15:12:58",236,-10504,16288,-665,-60,53,30.69,4
"24/1/2023, 15:12:59",324,-10492,16396,-92,52,-58,30.69,4
"24/1/2023, 15:13:00",452,0,15944,-864,-105,91,30.69,4
"24/1/2023, 15:13:01",416,-21300,16380,-520,-55,69,30.55,4
"24/1/2023, 15:13:03",-328,-10576,35944,4954,-422,-228,61.43,4
"24/1/2023, 15:13:04",288,-208,20056,-469,-138,63,30.55,0
"24/1/2023, 15:13:05",356,-576,20108,-471,-65,68,30.69,0
"24/1/2023, 15:13:06",16,-256,20032,-499,-73,79,30.65,0
"24/1/2023, 15:13:07",0,-344,20004,-486,-115,45,30.74,0
"24/1/2023, 15:13:08",352,0,0,0,0,0,0,0
"24/1/2023, 15:13:09",1556,-1904,40816,-476,-78,-469,61.38,0
"24/1/2023, 15:13:10",0,-10504,16136,-3479,1,62,30.69,4
"24/1/2023, 15:13:11",632,-11056,15796,-522,-69,78,30.74,4
"24/1/2023, 15:13:12",252,-10868,15844,-399,-57,50,30.65,4
"24/1/2023, 15:13:13",360,-10948,15748,-340,-64,34,30.74,4
"24/1/2023, 15:13:14",356,-11132,15576,-608,-41,33,30.65,4
"24/1/2023, 15:13:15",0,-11180,15576,-275,-72,49,30.74,4
"24/1/2023, 15:13:16",784,-10572,15744,5199,649,-821,30.69,4
"24/1/2023, 15:13:17",1332,-324,18992,-659,145,-24,30.74,0
"24/1/2023, 15:13:19",536,-772,39780,-961,-219,84,61.34,0
"24/1/2023, 15:13:20",288,-300,19948,-498,-38,62,30.79,0
"24/1/2023, 15:13:21",312,0,20052,-486,-63,51,30.69,0
"24/1/2023, 15:13:22",320,-620,20096,-468,-41,53,30.74,0
"24/1/2023, 15:13:23",264,-504,19948,-592,-214,57,30.79,0
"24/1/2023, 15:13:24",472,-9364,16836,-4419,-74,5,30.84,4
"24/1/2023, 15:13:25",396,-10184,16284,-576,-113,77,30.74,4
"24/1/2023, 15:13:26",216,-10344,16452,-1034,-112,123,30.79,4
"24/1/2023, 15:13:27",332,-10624,16024,-601,-60,59,30.79,4
"24/1/2023, 15:13:28",224,-10768,16020,-655,-96,82,30.69,4
"24/1/2023, 15:13:29",332,-10680,15992,-476,-21,70,30.74,4
"24/1/2023, 15:13:30",84,-5868,0,11642,120,-302,30.84,4
"24/1/2023, 15:13:31",-488,-520,38768,-413,-119,25,30.74,0
"24/1/2023, 15:13:32",0,-248,20056,-489,-54,49,30.84,0
"24/1/2023, 15:13:33",700,-380,19740,-472,-29,75,30.74,0
"24/1/2023, 15:13:35",148,-376,19964,-491,-71,72,61.53,0
"24/1/2023, 15:13:36",648,-836,39432,-955,-60,2802,30.84,0
"24/1/2023, 15:13:37",0,0,19964,-474,-69,66,30.74,0
"24/1/2023, 15:13:38",724,-340,21224,-4879,200,377,30.79,0
"24/1/2023, 15:13:39",0,-12716,15936,-235,-37,0,0,4
"24/1/2023, 15:13:40",736,-10428,0,-263,-11,79,61.58,4
"24/1/2023, 15:13:41",316,-10636,32456,-461,0,46,30.84,4
"24/1/2023, 15:13:42",0,-10680,16200,0,-93,42,30.79,4
"24/1/2023, 15:13:43",696,-10724,16068,-796,-81,49,30.79,4
"24/1/2023, 15:13:44",0,0,15884,-447,-67,76,30.79,4
"24/1/2023, 15:13:45",380,-21584,15860,-194,-101,0,30.93,4
"24/1/2023, 15:13:46",264,0,0,0,0,23,0,0
"24/1/2023, 15:13:47",380,-776,19932,373,-119,108,30.74,0
"24/1/2023, 15:13:48",-412,-592,40844,-998,-77,102,61.53,0
"24/1/2023, 15:13:50",320,-280,20032,-482,-33,69,30.84,0
"24/1/2023, 15:13:51",436,-460,20064,-480,-36,37,30.84,0
"24/1/2023, 15:13:52",172,-256,20016,-462,-100,66,30.79,0
"24/1/2023, 15:13:53",384,-516,20096,-490,-59,300,30.79,0
"24/1/2023, 15:13:54",-8448,-7324,18948,-4508,-3051,231,30.84,4
"24/1/2023, 15:13:55",256,-10516,16200,648,-62,64,30.93,4
"24/1/2023, 15:13:56",348,-10344,16504,-657,-113,127,30.79,4
"24/1/2023, 15:13:57",208,-10336,16364,-456,-31,65,30.88,4
"24/1/2023, 15:13:58",364,-10460,16272,-117,-88,51,30.79,4
"24/1/2023, 15:13:59",264,-10388,16228,-235,-83,53,30.88,4
"24/1/2023, 15:14:00",260,-10384,16140,-458,-104,49,30.93,4
"24/1/2023, 15:14:01",304,-10548,16132,-168,-82,45,30.88,4
"24/1/2023, 15:14:02",228,-10412,16396,-561,-86,51,30.93,4
"24/1/2023, 15:14:03",332,-10244,16264,29,-55,59,30.93,4
"24/1/2023, 15:14:04",912,-1432,18924,1611,88,-47,30.84,0
"24/1/2023, 15:14:05",244,-188,20212,-485,3,68,30.84,0
"24/1/2023, 15:14:06",252,-420,20096,-475,-106,43,30.88,0
"24/1/2023, 15:14:07",164,-424,20112,-485,-111,39,30.84,0
"24/1/2023, 15:14:08",424,-336,20036,-492,-72,47,30.93,0
"24/1/2023, 15:14:09",384,-384,20004,-488,-23,42,30.98,0
"24/1/2023, 15:14:10",52,-392,19764,-471,-196,66,30.88,0
"24/1/2023, 15:14:11",-4,-5344,19504,-9030,-398,1375,30.93,4
"24/1/2023, 15:14:12",348,-10044,16564,-299,-30,56,30.93,4
"24/1/2023, 15:14:13",160,-10060,16624,12,-76,71,30.88,4
"24/1/2023, 15:14:14",332,-10088,16436,-383,-66,50,30.88,4
"24/1/2023, 15:14:15",164,-10092,16480,-486,-81,74,30.93,4
"24/1/2023, 15:14:16",332,-10120,16480,-451,-44,46,30.93,4
"24/1/2023, 15:14:17",212,-10348,16028,198,-36,39,30.98,4
"24/1/2023, 15:14:18",2812,-1232,15808,-311,1393,13,30.88,0
"24/1/2023, 15:14:19",396,-332,19768,-492,0,22,30.88,0
"24/1/2023, 15:14:20",404,-312,20000,-473,-150,72,30.98,0
"24/1/2023, 15:14:21",380,-352,19988,-502,-125,73,30.93,0
"24/1/2023, 15:14:22",424,-452,19852,-572,-182,19,30.88,0
"24/1/2023, 15:14:23",92,-232,20464,-543,-192,65,30.93,0
"24/1/2023, 15:14:24",492,-440,19892,-482,15,61,30.88,0
"24/1/2023, 15:14:25",-12,-340,20096,-502,-19,46,30.98,0
"24/1/2023, 15:14:26",164,-8960,17280,-2622,-298,401,30.93,4
"24/1/2023, 15:14:27",260,-10892,15836,-321,-56,72,31.02,4
"24/1/2023, 15:14:28",612,-10792,15728,-145,-47,42,30.98,4
"24/1/2023, 15:14:29",312,-10668,16092,-506,-73,44,30.98,4
"24/1/2023, 15:14:30",216,-10664,16316,-10,-88,-32,30.88,4
"24/1/2023, 15:14:31",200,-10568,16416,-585,-55,46,30.98,4
"24/1/2023, 15:14:32",300,-10080,16320,694,-99,68,30.98,4
"24/1/2023, 15:14:33",192,-612,19948,38,-74,-295,30.93,0
"24/1/2023, 15:14:34",324,-456,19960,-477,-109,53,31.02,0
"24/1/2023, 15:14:35",436,-508,19960,-466,47,52,30.93,0
"24/1/2023, 15:14:36",292,-4,19788,-471,8,41,31.02,0
"24/1/2023, 15:14:37",368,-288,20252,-478,-70,45,30.93,0
"24/1/2023, 15:14:38",332,-380,19884,-496,-34,54,31.02,0
"24/1/2023, 15:14:39",280,-348,20064,-482,-73,46,31.07,0
"24/1/2023, 15:14:40",892,-564,19788,-508,-18,59,30.98,0
"24/1/2023, 15:14:41",368,-460,20124,-502,-92,74,31.07,0
"24/1/2023, 15:14:42",384,-336,19964,-491,-90,69,30.98,0
"24/1/2023, 15:14:43",-228,-344,20096,-471,-251,77,31.07,0
"24/1/2023, 15:14:44",224,-388,20140,-471,-29,66,30.98,0
"24/1/2023, 15:14:45",416,-332,19896,-473,-38,80,31.02,0
"24/1/2023, 15:14:46",300,-316,19964,-477,-59,72,31.07,0
"24/1/2023, 15:14:47",240,-328,20216,-483,-73,61,31.07,0
"24/1/2023, 15:14:48",276,-312,20120,-497,-80,53,31.07,0
"24/1/2023, 15:14:49",496,-616,20100,-511,-125,64,30.98,0
"24/1/2023, 15:14:50",180,-448,20104,-455,-115,55,31.07,0
"24/1/2023, 15:14:51",108,-304,20112,-508,-133,45,31.02,0
"24/1/2023, 15:14:52",-84,-276,20288,-496,-94,59,31.17,0
"24/1/2023, 15:14:53",408,-280,20024,-469,-97,81,31.07,0
"24/1/2023, 15:14:54",760,-144,20028,-511,-68,32,31.07,0
"24/1/2023, 15:14:55",288,-304,19932,-466,-59,43,31.07,0
"24/1/2023, 15:14:56",260,-396,19996,-491,-70,35,31.07,0
"24/1/2023, 15:14:57",320,-376,19896,-482,-80,71,31.07,0
"24/1/2023, 15:14:58",388,-348,20024,-496,-43,77,31.17,0
"24/1/2023, 15:14:59",200,-348,20080,-487,-71,71,31.07,0
"25/1/2023, 5:49:53",312,-244,20280,-449,-51,62,25.99,0
"25/1/2023, 5:49:54",408,-184,20300,-449,-57,56,26.18,0
"25/1/2023, 5:49:55",440,-212,20160,-453,-59,67,26.08,0
"25/1/2023, 5:49:56",352,-120,20280,-444,-90,38,26.27,0
"25/1/2023, 5:49:57",152,-108,20348,-450,-90,61,26.37,0
"25/1/2023, 5:49:58",400,-216,20244,-461,-32,70,26.18,0
"25/1/2023, 5:49:59",316,-80,20184,-467,-64,71,26.27,0
"25/1/2023, 5:50:00",364,36,19976,-454,-48,72,26.27,0
"25/1/2023, 5:50:01",2712,-260,20188,-481,-3672,-82,26.32,1
"25/1/2023, 5:50:02",10392,-180,16908,-481,-968,49,26.27,1
"25/1/2023, 5:50:03",10740,-216,16544,-455,-311,55,26.46,1
"25/1/2023, 5:50:04",10796,-184,16436,-447,-235,61,26.46,1
"25/1/2023, 5:50:05",10776,-136,16360,-452,145,78,26.46,1
"25/1/2023, 5:50:06",10688,-252,16556,-453,60,51,26.37,1
"25/1/2023, 5:50:07",10796,-208,16484,-456,-47,82,26.41,1
"25/1/2023, 5:50:08",9112,-236,17380,-632,10706,85,26.32,1
"25/1/2023, 5:50:09",916,56,20276,-574,3084,-253,26.37,0
"25/1/2023, 5:50:10",424,-300,20212,-468,-32,39,26.51,0
"25/1/2023, 5:50:11",408,-120,20168,-455,-75,45,26.51,0
"25/1/2023, 5:50:12",704,-252,19948,-477,28,46,26.51,0
"25/1/2023, 5:50:13",412,-240,20284,-463,-65,37,26.46,0
"25/1/2023, 5:50:14",384,-184,20112,-472,-85,91,26.55,0
"25/1/2023, 5:50:15",388,-240,20104,-466,-69,32,26.55,0
"25/1/2023, 5:50:16",380,-100,20260,-444,-93,55,26.51,0
"25/1/2023, 5:50:17",1636,-164,20308,-651,-1153,73,26.65,0
"25/1/2023, 5:50:18",10516,-264,16640,-452,-2734,-45,26.55,1
"25/1/2023, 5:50:19",11104,-172,16140,-460,-220,74,26.46,1
"25/1/2023, 5:50:20",10808,-188,16428,-462,-149,76,26.51,1
"25/1/2023, 5:50:21",11176,-220,16048,-464,218,34,26.51,1
"25/1/2023, 5:50:22",11240,-96,16084,-466,-83,56,26.6,1
"25/1/2023, 5:50:24",22304,-444,32228,-921,38,141,53.15,1
"25/1/2023, 5:50:25",10828,-228,16340,-480,1564,95,26.65,1
"25/1/2023, 5:50:26",1108,-108,20300,-333,441,745,26.69,0
"25/1/2023, 5:50:27",1036,28,18864,-536,201,-5,26.69,0
"25/1/2023, 5:50:28",492,-184,20052,-460,-40,48,26.69,0
"25/1/2023, 5:50:29",260,-124,20212,-465,-74,66,26.69,0
"25/1/2023, 5:50:30",544,-116,20140,-460,-29,71,26.65,0
"25/1/2023, 5:50:31",-56,-112,20312,-489,-109,70,26.69,0
"25/1/2023, 5:50:32",360,-44,0,-460,-198,57,26.74,0
"25/1/2023, 5:50:33",1404,-200,39800,-450,264,37,26.79,0
"25/1/2023, 5:50:34",380,-156,20964,-316,532,-483,26.79,0
"25/1/2023, 5:50:35",10868,-376,16448,-232,-4463,0,26.79,1
"25/1/2023, 5:50:36",10480,-216,16736,-466,755,358,26.74,1
"25/1/2023, 5:50:37",10436,-176,0,-477,-366,49,26.84,1
"25/1/2023, 5:50:38",10428,-68,33600,-452,-120,78,26.79,1
"25/1/2023, 5:50:40",20784,-448,33544,-895,-246,126,53.67,1
"25/1/2023, 5:50:41",10508,-244,16608,-477,-239,56,26.84,1
"25/1/2023, 5:50:42",9668,-232,17236,-592,5021,0,26.74,1
"25/1/2023, 5:50:43",1520,-256,19964,-440,427,251,26.84,0
"25/1/2023, 5:50:44",464,-204,19960,-461,14,68,26.93,0
"25/1/2023, 5:50:45",316,28,20148,-491,-218,76,26.79,0
"25/1/2023, 5:50:46",392,-180,20172,-469,-52,49,26.93,0
"25/1/2023, 5:50:48",764,-368,40540,-902,-145,118,53.67,0
"25/1/2023, 5:50:49",916,-292,19980,-430,-2442,127,26.88,0
"25/1/2023, 5:50:50",8908,-336,17816,-335,-4881,126,26.84,1
"25/1/2023, 5:50:51",10644,-252,16528,-473,116,47,26.98,1
"25/1/2023, 5:50:53",10644,-372,33268,-908,-326,116,53.81,1
"25/1/2023, 5:50:54",21056,-172,16436,-471,-256,60,26.88,1
"25/1/2023, 5:50:56",21192,-404,32996,-926,-127,84,53.91,1
"25/1/2023, 5:50:57",0,0,0,0,0,69,0,1
"25/1/2023, 5:50:58",9676,-332,37900,-1136,6516,-2787,53.86,1
"25/1/2023, 5:50:59",548,-120,20128,-461,5834,45,26.98,0
"25/1/2023, 5:51:00",520,0,20060,-480,-14,64,0,0
"25/1/2023, 5:51:01",160,-196,20380,0,-197,41,53.95,0
"25/1/2023, 5:51:02",0,0,0,-472,0,0,0,0
"25/1/2023, 5:51:03",836,-368,40312,-916,-86,118,54.05,0
"25/1/2023, 5:51:04",1016,-84,20188,-394,951,2,26.98,0
"25/1/2023, 5:51:05",10144,-176,17024,0,807,85,27.02,1
"25/1/2023, 5:51:06",9644,-176,17336,-934,-332,55,26.98,1
"25/1/2023, 5:51:07",9880,-204,17100,-500,170,83,26.98,1
"25/1/2023, 5:51:08",10124,-216,17004,-449,-93,36,27.12,1
"25/1/2023, 5:51:09",10260,-204,16912,-484,-98,64,27.02,1
"25/1/2023, 5:51:10",10348,-212,16744,-471,-238,88,26.93,1
"25/1/2023, 5:51:12",15656,-760,36160,-1031,8429,155,54,1
"25/1/2023, 5:51:13",400,-168,19832,0,0,0,27.02,0
"25/1/2023, 5:51:17",408,-220,0,-900,-306,155,27.12,0
"25/1/2023, 5:51:18",204,-832,101824,-1789,-371,292,81.21,0
"25/1/2023, 5:51:19",1416,0,0,-607,-804,94,54.09,0
"25/1/2023, 5:51:20",10568,-432,37260,-455,-1169,27,27.07,1
"25/1/2023, 5:51:21",10364,-140,16812,-465,-513,76,27.12,1
"25/1/2023, 5:51:22",0,0,0,-459,0,0,0,1
"25/1/2023, 5:51:23",10372,-244,33352,-456,-335,80,27.17,1
"25/1/2023, 5:51:24",10616,-456,16616,-467,-265,54,54.33,1
"25/1/2023, 5:51:25",21220,-148,16432,-438,-299,81,27.17,1
"25/1/2023, 5:51:26",0,0,16396,-472,259,69,0,1
"25/1/2023, 5:51:27",10896,-228,0,0,0,0,27.12,1
"25/1/2023, 5:51:28",732,-384,40800,-1012,-438,612,27.21,0
"25/1/2023, 5:51:29",0,-224,0,-462,-87,66,54.24,0
"25/1/2023, 5:51:30",956,-196,40012,-444,0,58,27.12,0
"25/1/2023, 5:51:31",120,-292,20772,-430,-287,90,0,0
"25/1/2023, 5:51:32",444,-172,20116,-480,0,56,54.14,0
"25/1/2023, 5:51:33",0,0,0,0,-81,0,0,0
"25/1/2023, 5:51:34",644,-212,20256,-1692,-4102,366,54.29,0
"25/1/2023, 5:51:35",10676,-168,37288,-397,-1618,143,27.21,1
"25/1/2023, 5:51:36",10648,-288,16484,0,0,31,0,1
"25/1/2023, 5:51:37",10744,0,0,-468,-141,83,54.38,1
"25/1/2023, 5:51:38",0,-372,16472,-944,-37,44,27.21,1
"25/1/2023, 5:51:39",21168,-188,33052,-458,-75,73,27.17,1
"25/1/2023, 5:51:40",0,-164,0,0,0,61,0,1
"25/1/2023, 5:51:41",10704,0,16580,-482,-134,0,27.21,1
"25/1/2023, 5:51:42",10524,-304,16592,-1288,-25,68,27.26,1
"25/1/2023, 5:51:43",7756,-164,18140,0,7277,-376,27.26,1
"25/1/2023, 5:51:44",1436,-364,40236,-947,120,145,54.38,0
"25/1/2023, 5:51:46",572,-160,19972,-502,22,49,27.31,0
"25/1/2023, 5:51:47",104,-124,40336,-493,-158,44,54.38,0
"25/1/2023, 5:51:48",1028,-320,20080,-944,43,100,27.31,0
"25/1/2023, 5:51:50",672,-264,20116,-474,-109,90,27.35,0
"25/1/2023, 5:51:51",8180,-156,18052,-431,-5854,-63,27.17,1
"25/1/2023, 5:51:52",9984,-112,16944,-502,-167,76,27.26,1
"25/1/2023, 5:51:53",10244,-100,16848,-469,-27,52,27.26,1
"25/1/2023, 5:51:54",10272,-88,16772,-450,-157,50,27.26,1
"25/1/2023, 5:51:55",10228,-280,16868,-456,-235,76,27.21,1
"25/1/2023, 5:51:56",10412,-160,16688,-471,-85,24,27.31,1
"25/1/2023, 5:51:57",10332,-228,17016,-449,-141,35,27.26,1
"25/1/2023, 5:51:58",10296,-236,16840,-475,-116,73,27.35,1
"25/1/2023, 5:51:59",1480,1924,17236,-444,263,95,27.31,0
"25/1/2023, 5:52:00",1148,108,18984,-502,438,57,27.35,0
"25/1/2023, 5:52:01",432,-176,19960,-444,-36,31,27.26,0
"25/1/2023, 5:52:02",484,-168,20084,-472,-66,87,27.35,0
"25/1/2023, 5:52:03",464,-80,19904,-444,-75,62,27.31,0
"25/1/2023, 5:52:04",240,-256,20260,-479,-208,67,27.31,0
"25/1/2023, 5:52:05",380,-112,20004,-421,69,105,27.31,0
"25/1/2023, 5:52:06",428,-116,20172,-475,-45,79,27.26,0
"25/1/2023, 5:52:07",504,24,19880,-533,-78,562,27.31,0
"25/1/2023, 5:52:08",356,-128,20104,-443,-91,47,27.26,0
"25/1/2023, 5:52:09",9000,-220,17616,-470,-4076,2,27.26,1
"25/1/2023, 5:52:10",10088,-200,17024,-476,49,62,27.4,1
"25/1/2023, 5:52:11",10204,-164,16704,-473,-338,60,27.31,1
"25/1/2023, 5:52:12",10132,-192,17028,-446,-256,56,27.35,1
"25/1/2023, 5:52:13",10384,-224,16656,-485,-67,51,27.31,1
"25/1/2023, 5:52:17",0,0,0,0,-284,91,0,1
"25/1/2023, 5:52:18",24680,-1672,94392,-2189,23,841,137.05,1
"25/1/2023, 5:52:19",240,-148,20220,-461,-30,38,27.4,0
"25/1/2023, 5:52:20",368,-128,20164,-459,-26,78,27.4,0
"25/1/2023, 5:52:21",88,-124,20096,-481,-70,85,27.4,0
"25/1/2023, 5:52:22",272,-184,20304,-450,-121,69,27.4,0
"25/1/2023, 5:52:23",336,-96,20216,-470,-86,50,27.54,0
"25/1/2023, 5:52:24",220,-260,20200,-451,-132,62,27.4,0
"25/1/2023, 5:52:25",7756,-360,18220,-421,-5972,-2,27.45,1
"25/1/2023, 5:52:26",8992,-284,17684,-486,-180,63,27.49,1
"25/1/2023, 5:52:27",9180,-196,17436,-457,-41,63,27.45,1
"25/1/2023, 5:52:28",9672,-200,17252,-454,-717,42,27.4,1
"25/1/2023, 5:52:29",10100,-212,17044,-483,5,72,27.4,1
"25/1/2023, 5:52:30",10008,-156,17172,-457,-107,43,27.4,1
"25/1/2023, 5:52:31",9936,-216,17036,-469,-98,76,27.49,1
"25/1/2023, 5:52:32",10088,-112,16884,-474,-11,77,27.45,1
"25/1/2023, 5:52:33",3212,-204,19680,-465,7472,198,27.45,1
"25/1/2023, 5:52:34",476,-204,20072,-459,-27,71,27.4,0
"25/1/2023, 5:52:35",188,-68,20184,-441,-205,58,27.49,0
"25/1/2023, 5:52:36",-312,-156,20852,-432,-179,69,27.45,0
"25/1/2023, 5:52:37",352,-72,20140,-452,-40,51,27.49,0
"25/1/2023, 5:52:38",336,-144,20160,-461,-17,59,27.45,0
"25/1/2023, 5:52:39",268,-192,20144,-444,-97,90,27.45,0
"25/1/2023, 5:52:40",452,-216,20220,-479,-63,80,27.59,0
"25/1/2023, 5:52:41",392,-116,19868,-441,-58,56,27.4,0
"25/1/2023, 5:52:42",224,-188,20320,-462,-101,59,27.45,0
"25/1/2023, 5:52:43",356,-124,20076,-460,-68,82,27.49,0
"25/1/2023, 5:52:44",408,-124,20088,-455,-44,81,27.49,0
"25/1/2023, 5:52:45",296,-32,20108,-452,-125,63,27.49,0
"25/1/2023, 5:52:46",692,-168,19988,-377,-3729,-776,27.54,0
"25/1/2023, 5:52:47",10580,-216,16604,-462,-900,29,27.45,1
"25/1/2023, 5:52:48",10336,-120,16856,-476,-139,37,27.59,1
"25/1/2023, 5:52:49",10292,-196,16804,-497,-124,50,27.49,1
"25/1/2023, 5:52:50",10256,-368,16756,-456,-13,74,27.64,1
"25/1/2023, 5:52:51",10508,-68,16648,-456,-145,65,27.54,1
"25/1/2023, 5:52:52",10456,-172,16812,-455,-144,33,27.54,1
"25/1/2023, 5:52:53",10328,-296,16652,-472,-263,61,27.64,1
"25/1/2023, 5:52:54",10136,-284,16844,-464,102,65,27.54,1
"25/1/2023, 5:52:55",6316,-272,18956,-503,7511,212,27.45,1
"25/1/2023, 5:52:56",416,-112,20276,-450,-47,86,27.59,0
"25/1/2023, 5:52:57",360,-204,20116,-476,-38,52,27.49,0
"25/1/2023, 5:52:58",676,-136,19784,-458,-95,42,27.59,0
"25/1/2023, 5:52:59",640,-244,20232,-480,-39,74,27.59,0
"25/1/2023, 5:53:00",336,-152,20180,-468,-87,59,27.54,0
"25/1/2023, 5:53:01",448,-224,20168,-477,-68,34,27.59,0
"25/1/2023, 5:53:02",292,-104,20252,-443,-27,80,27.59,0
"25/1/2023, 5:53:03",432,-132,20020,-335,-3568,-145,27.64,0
"25/1/2023, 5:53:04",9040,-204,17708,-449,-913,42,27.54,1
"25/1/2023, 5:53:05",9820,-172,17112,-470,-472,41,27.68,1
"25/1/2023, 5:53:06",9924,-176,16952,-465,-233,65,27.59,1
"25/1/2023, 5:53:07",10044,0,17008,-455,-235,31,27.49,1
